scorer,,,slenzi,slenzi
bodyparts,,,body,body
coords,,,x,y
labeled-data,camera_id-1112005_date-20231002_type-none,img00277.png,563.8910366606133,332.0295616497904
labeled-data,camera_id-1112005_date-20231002_type-none,img00315.png,564.36192498307,336.2675565519013
labeled-data,camera_id-1112005_date-20231002_type-none,img00441.png,564.36192498307,336.2675565519013
labeled-data,camera_id-1112005_date-20231002_type-none,img00451.png,562.9492600156997,335.7966682294445
labeled-data,camera_id-1112005_date-20231002_type-none,img00673.png,562.9492600156997,335.7966682294445
labeled-data,camera_id-1112005_date-20231002_type-none,img00681.png,562.9492600156997,335.7966682294445
labeled-data,camera_id-1112005_date-20231002_type-none,img00771.png,562.9492600156997,335.7966682294445
labeled-data,camera_id-1112005_date-20231002_type-none,img00888.png,562.9492600156997,335.7966682294445
labeled-data,camera_id-1112005_date-20231002_type-none,img00927.png,562.9492600156997,335.7966682294445
labeled-data,camera_id-1112005_date-20231002_type-none,img00957.png,564.8328133055268,334.854891584531
labeled-data,camera_id-1112005_date-20231002_type-none,img01029.png,565.3037016279835,334.854891584531
labeled-data,camera_id-1112005_date-20231002_type-none,img01249.png,565.3037016279835,334.854891584531
labeled-data,camera_id-1112005_date-20231002_type-none,img01288.png,565.3037016279835,334.854891584531
labeled-data,camera_id-1112005_date-20231002_type-none,img01308.png,565.3037016279835,334.854891584531
labeled-data,camera_id-1112005_date-20231002_type-none,img01363.png,566.7163665953537,313.1940287515201
labeled-data,camera_id-1112005_date-20231002_type-none,img01407.png,570.9543614974647,312.2522521066066
labeled-data,camera_id-1112005_date-20231002_type-none,img01412.png,568.5999198851808,310.8395871392363
labeled-data,camera_id-1112005_date-20231002_type-none,img01428.png,565.7745899504403,310.36869881677956
labeled-data,camera_id-1112005_date-20231002_type-none,img01483.png,553.5314935665646,332.5004499722472
labeled-data,camera_id-1112005_date-20231002_type-none,img01527.png,537.9921789254915,344.2726580336662
labeled-data,camera_id-1112005_date-20231002_type-none,img01629.png,551.1770519542807,335.32577990698775
labeled-data,camera_id-1112005_date-20231002_type-none,img01656.png,545.0555037623429,342.38910474383914
labeled-data,camera_id-1112005_date-20231002_type-none,img01903.png,546.9390570521699,305.65981559221194
labeled-data,camera_id-1112005_date-20231002_type-none,img01932.png,529.9870774437267,304.2471506248417
labeled-data,camera_id-1112005_date-20231002_type-none,img01936.png,527.6326358314428,303.7762623023849
labeled-data,camera_id-1112005_date-20231002_type-none,img02013.png,500.32111312895086,292.00405424096596
labeled-data,camera_id-1112005_date-20231002_type-none,img02180.png,554.0023818890213,249.6241052198577
labeled-data,camera_id-1112005_date-20231002_type-none,img02233.png,522.9237526068753,232.6721256114144
labeled-data,camera_id-1112005_date-20231002_type-none,img02246.png,521.0401993170482,232.6721256114144
labeled-data,camera_id-1112005_date-20231002_type-none,img02470.png,525.7490825416157,233.14301393387115
labeled-data,camera_id-1112005_date-20231002_type-none,img02471.png,524.8073058967022,235.49745554615492
labeled-data,camera_id-1112005_date-20231002_type-none,img02496.png,524.8073058967022,235.49745554615492
labeled-data,camera_id-1112005_date-20231002_type-none,img02722.png,538.4630672479483,222.31258251736568
labeled-data,camera_id-1112005_date-20231002_type-none,img02819.png,520.0984226721347,240.67722709317928
labeled-data,camera_id-1112005_date-20231002_type-none,img02825.png,516.8022044149374,241.61900373809277
labeled-data,camera_id-1112005_date-20231002_type-none,img02842.png,515.8604277700239,243.03166870546306
labeled-data,camera_id-1112005_date-20231002_type-none,img02956.png,524.3364175742455,238.79367380335225
labeled-data,camera_id-1112005_date-20231002_type-none,img03003.png,560.1239300809592,298.5964907553606
labeled-data,camera_id-1112005_date-20231002_type-none,img03059.png,555.8859351788484,328.73334339259316
labeled-data,camera_id-1112005_date-20231002_type-none,img03104.png,551.6479402767375,331.08778500487693
labeled-data,camera_id-1112005_date-20231002_type-none,img03110.png,553.5314935665646,330.6168966824202
labeled-data,camera_id-1112005_date-20231002_type-none,img03121.png,557.2986001462186,327.7915667476796
labeled-data,camera_id-1112005_date-20231002_type-none,img03123.png,554.473270211478,330.6168966824202
labeled-data,camera_id-1112005_date-20231002_type-none,img03249.png,553.5314935665646,342.8599930662959
labeled-data,camera_id-1112005_date-20231002_type-none,img03258.png,554.473270211478,342.8599930662959
labeled-data,camera_id-1112005_date-20231002_type-none,img03263.png,554.473270211478,342.8599930662959
labeled-data,camera_id-1112005_date-20231002_type-none,img03321.png,544.1137271174293,346.62709964594995
labeled-data,camera_id-1112005_date-20231002_type-none,img03349.png,558.7112651135889,344.7435463561229
labeled-data,camera_id-1112005_date-20231002_type-none,img03354.png,556.3568235013051,340.5055514540121
labeled-data,camera_id-1112005_date-20231002_type-none,img03373.png,555.8859351788484,343.80176971120943
labeled-data,camera_id-1112005_date-20231002_type-none,img03535.png,555.8859351788484,343.80176971120943
labeled-data,camera_id-1112005_date-20231002_type-none,img03623.png,555.8859351788484,344.2726580336662
labeled-data,camera_id-1112005_date-20231002_type-none,img03684.png,555.8859351788484,344.2726580336662
labeled-data,camera_id-1112005_date-20231002_type-none,img03732.png,555.8859351788484,344.2726580336662
labeled-data,camera_id-1112005_date-20231002_type-none,img03860.png,545.5263920847997,346.1562113234932
labeled-data,camera_id-1112005_date-20231002_type-none,img03917.png,532.3415190560104,341.9182164213824
labeled-data,camera_id-1112005_date-20231002_type-none,img03918.png,533.7541840233807,341.44732809892565
labeled-data,camera_id-1112005_date-20231002_type-none,img03987.png,534.2250723458375,340.97643977646885
labeled-data,camera_id-1112005_date-20231002_type-none,img04041.png,545.0555037623429,342.8599930662959
labeled-data,camera_id-1112005_date-20231002_type-none,img04160.png,545.0555037623429,342.8599930662959
labeled-data,camera_id-1112005_date-20231002_type-none,img04348.png,527.6326358314428,326.3789017803093
labeled-data,camera_id-1112005_date-20231002_type-none,img04384.png,492.316011647186,293.41671920833625
labeled-data,camera_id-1112005_date-20231002_type-none,img04451.png,456.52849914047226,287.76605933885514
labeled-data,camera_id-1112005_date-20231002_type-none,img04458.png,453.23228088327494,284.4698410816578
labeled-data,camera_id-1112005_date-20231002_type-none,img04571.png,448.5233976587074,315.5484703638039
labeled-data,camera_id-1112005_date-20231002_type-none,img04649.png,432.04230637272076,345.68532300103647
labeled-data,camera_id-1112005_date-20231002_type-none,img04704.png,414.148550119364,353.69042448280135
labeled-data,camera_id-1112005_date-20231002_type-none,img04733.png,374.1230427105395,356.0448660950852
labeled-data,camera_id-1112005_date-20231002_type-none,img04763.png,334.09753530171497,339.0928864866419
labeled-data,camera_id-1112005_date-20231002_type-none,img04774.png,311.9657841462473,335.7966682294445
labeled-data,camera_id-1112005_date-20231002_type-none,img04811.png,292.18847460306347,342.38910474383914
labeled-data,camera_id-1112005_date-20231002_type-none,img04823.png,292.6593629255202,342.38910474383914
labeled-data,camera_id-1112005_date-20231002_type-none,img04837.png,263.9351752556579,339.0928864866418
labeled-data,camera_id-1112005_date-20231002_type-none,img04858.png,209.78301817313067,325.43712513539583
labeled-data,camera_id-1112005_date-20231002_type-none,img04868.png,162.6941859274548,312.2522521066066
labeled-data,camera_id-1112005_date-20231002_type-none,img04904.png,107.60025220001401,292.9458308858795
labeled-data,camera_id-1112005_date-20231002_type-none,img04995.png,76.05073459541117,295.77116082062
labeled-data,camera_id-1112005_date-20231002_type-none,img05026.png,58.15697834205437,266.576084828301
labeled-data,camera_id-1112005_date-20231002_type-none,img05118.png,62.86586156662193,265.16341986093073
labeled-data,camera_id-1112005_date-20231002_type-none,img05161.png,119.84334858388976,229.84679567667382
labeled-data,camera_id-1112005_date-20231002_type-none,img05198.png,252.63385551669572,242.08989206054957
labeled-data,camera_id-1112005_date-20231002_type-none,img05235.png,311.49489582379056,228.43413070930356
labeled-data,camera_id-1112005_date-20231002_type-none,img05256.png,378.3610376126503,241.61900373809277
labeled-data,camera_id-1112005_date-20231002_type-none,img05268.png,418.8574333439316,248.68232857494417
labeled-data,camera_id-1112005_date-20231002_type-none,img05487.png,539.8757322153185,253.86210012196852
labeled-data,camera_id-1112005_date-20231002_type-none,img05577.png,543.1719504725158,247.74055193003068
labeled-data,camera_id-1112005_date-20231002_type-none,img05633.png,548.3517220195403,249.6241052198577
labeled-data,camera_id-1112005_date-20231002_type-none,img05755.png,524.8073058967022,256.68743005670905
labeled-data,camera_id-1112005_date-20231002_type-none,img05816.png,451.8196159159047,310.8395871392363
labeled-data,camera_id-1112005_date-20231002_type-none,img05878.png,445.6980677239668,341.44732809892565
labeled-data,camera_id-1112005_date-20231002_type-none,img05955.png,439.5765195320289,333.91311493961746
labeled-data,camera_id-1112005_date-20231002_type-none,img05990.png,450.40695094853436,324.4953484904823
labeled-data,camera_id-1112005_date-20231002_type-none,img06081.png,557.7694884686754,309.8978104943228
labeled-data,camera_id-1112005_date-20231002_type-none,img06093.png,562.4783716932429,310.8395871392363
labeled-data,camera_id-1112005_date-20231002_type-none,img06113.png,562.0074833707862,315.5484703638039
labeled-data,camera_id-1112005_date-20231002_type-none,img06221.png,564.36192498307,314.1358053964336
labeled-data,camera_id-1112005_date-20231002_type-none,img06421.png,551.1770519542807,345.2144346785797
labeled-data,camera_id-1112005_date-20231002_type-none,img06465.png,557.2986001462186,344.7435463561229
labeled-data,camera_id-1112005_date-20231002_type-none,img06591.png,557.2986001462186,344.7435463561229
labeled-data,camera_id-1112005_date-20231002_type-none,img06636.png,567.1872549178106,338.1511098417283
labeled-data,camera_id-1112005_date-20231002_type-none,img06743.png,541.2883971826889,313.1940287515201
labeled-data,camera_id-1112005_date-20231002_type-none,img06767.png,541.2883971826889,313.1940287515201
labeled-data,camera_id-1112005_date-20231002_type-none,img06785.png,541.2883971826889,313.1940287515201
labeled-data,camera_id-1112005_date-20231002_type-none,img06788.png,541.2883971826889,313.1940287515201
labeled-data,camera_id-1112005_date-20231002_type-none,img06823.png,541.7592855051455,283.52806443674433
labeled-data,camera_id-1112005_date-20231002_type-none,img06824.png,537.9921789254914,283.52806443674433
labeled-data,camera_id-1112005_date-20231002_type-none,img06844.png,544.5846154398861,254.803876766882
labeled-data,camera_id-1112005_date-20231002_type-none,img06884.png,554.4732702114779,246.3278869626604
labeled-data,camera_id-1112005_date-20231002_type-none,img06898.png,546.468168729713,247.26966360757388
labeled-data,camera_id-1112005_date-20231002_type-none,img06951.png,540.817508860232,220.89991754999545
labeled-data,camera_id-1112005_date-20231002_type-none,img07040.png,542.701062150059,247.26966360757388
labeled-data,camera_id-1112005_date-20231002_type-none,img07091.png,528.1035241538995,237.38100883598196
labeled-data,camera_id-1112005_date-20231002_type-none,img07097.png,524.8073058967021,235.02656722369818
labeled-data,camera_id-1112005_date-20231002_type-none,img07140.png,539.4048438928617,235.96834386861167
labeled-data,camera_id-1112005_date-20231002_type-none,img07168.png,536.1086256356643,236.43923219106847
labeled-data,camera_id-1112005_date-20231002_type-none,img07286.png,536.1086256356643,236.43923219106847
labeled-data,camera_id-1112005_date-20231002_type-none,img07327.png,540.3466205377752,237.38100883598196
labeled-data,camera_id-1112005_date-20231002_type-none,img07391.png,540.817508860232,237.38100883598196
labeled-data,camera_id-1112005_date-20231002_type-none,img07527.png,541.2883971826888,236.43923219106847
labeled-data,camera_id-1112005_date-20231002_type-none,img07688.png,541.2883971826888,238.3227854808955
labeled-data,camera_id-1112005_date-20231002_type-none,img07715.png,535.6377373132076,237.38100883598196
labeled-data,camera_id-1112005_date-20231002_type-none,img07733.png,536.5795139581211,237.38100883598196
labeled-data,camera_id-1112005_date-20231002_type-none,img07786.png,536.5795139581211,237.38100883598196
labeled-data,camera_id-1112005_date-20231002_type-none,img07811.png,537.9921789254914,235.49745554615492
labeled-data,camera_id-1112005_date-20231002_type-none,img07916.png,559.1821534360455,274.58118631006585
labeled-data,camera_id-1112005_date-20231002_type-none,img07921.png,553.5314935665644,262.3380899261902
labeled-data,camera_id-1112005_date-20231002_type-none,img07923.png,555.4150468563915,263.2798665711037
labeled-data,camera_id-1112005_date-20231002_type-none,img08039.png,568.129031562724,327.32067842522287
labeled-data,camera_id-1112005_date-20231002_type-none,img08180.png,541.7592855051455,343.80176971120943
labeled-data,camera_id-1112005_date-20231002_type-none,img08282.png,549.2934986644536,340.9764397764689
labeled-data,camera_id-1112005_date-20231002_type-none,img08292.png,549.2934986644536,340.9764397764689
labeled-data,camera_id-1112005_date-20231002_type-none,img08330.png,550.2352753093671,340.9764397764689
labeled-data,camera_id-1112005_date-20231002_type-none,img08342.png,550.2352753093671,340.9764397764689
labeled-data,camera_id-1112005_date-20231002_type-none,img08577.png,570.012584852551,337.2093331968148
labeled-data,camera_id-1112005_date-20231002_type-none,img08587.png,554.4732702114779,331.08778500487693
labeled-data,camera_id-1112005_date-20231002_type-none,img08611.png,561.0657067258726,332.0295616497905
labeled-data,camera_id-1112005_date-20231002_type-none,img08677.png,554.4732702114779,333.4422266171607
labeled-data,camera_id-1112005_date-20231002_type-none,img08793.png,555.4150468563914,336.73844487435804
labeled-data,camera_id-1112005_date-20231002_type-none,img08855.png,562.4783716932428,335.32577990698775
labeled-data,camera_id-1112005_date-20231002_type-none,img08971.png,559.1821534360455,344.2726580336662
labeled-data,camera_id-1112005_date-20231002_type-none,img08986.png,559.1821534360455,344.2726580336662
labeled-data,camera_id-1112005_date-20231002_type-none,img09179.png,559.1821534360455,344.2726580336662
labeled-data,camera_id-1112005_date-20231002_type-none,img09334.png,559.1821534360455,344.2726580336662
labeled-data,camera_id-1112005_date-20231002_type-none,img09466.png,559.1821534360455,344.2726580336662
labeled-data,camera_id-1112005_date-20231002_type-none,img09654.png,559.1821534360455,344.2726580336662
labeled-data,camera_id-1112005_date-20231002_type-none,img09657.png,559.1821534360455,344.2726580336662
labeled-data,camera_id-1112005_date-20231002_type-none,img09889.png,559.1821534360455,344.2726580336662
labeled-data,camera_id-1112005_date-20231002_type-none,img09973.png,559.1821534360455,344.2726580336662
labeled-data,camera_id-1112005_date-20231002_type-none,img10214.png,559.1821534360455,344.2726580336662
labeled-data,camera_id-1112005_date-20231002_type-none,img10276.png,559.1821534360455,344.2726580336662
labeled-data,camera_id-1120923_date-20230922_type-pretest,img00108.png,544.8200596011145,256.2165417342523
labeled-data,camera_id-1120923_date-20230922_type-pretest,img00115.png,558.9467092748173,272.2267446977821
labeled-data,camera_id-1120923_date-20230922_type-pretest,img00188.png,581.5493487527417,294.35849585324974
labeled-data,camera_id-1120923_date-20230922_type-pretest,img00447.png,538.6985114091766,272.69763302023887
labeled-data,camera_id-1120923_date-20230922_type-pretest,img00519.png,533.0478515396956,232.20123728895766
labeled-data,camera_id-1120923_date-20230922_type-pretest,img00545.png,537.2858464418064,234.08479057878463
labeled-data,camera_id-1120923_date-20230922_type-pretest,img01207.png,553.296049405336,240.20633877072254
labeled-data,camera_id-1120923_date-20230922_type-pretest,img01240.png,550.9416077930523,241.61900373809277
labeled-data,camera_id-1120923_date-20230922_type-pretest,img01284.png,545.7618362460279,228.90501903176033
labeled-data,camera_id-1120923_date-20230922_type-pretest,img01474.png,550.9416077930523,234.55567890124144
labeled-data,camera_id-1120923_date-20230922_type-pretest,img02112.png,299.9581319235999,224.19613580719272
labeled-data,camera_id-1120923_date-20230922_type-pretest,img02142.png,255.22374129020784,215.72014600297106
labeled-data,camera_id-1120923_date-20230922_type-pretest,img02224.png,368.23693867983,232.20123728895763
labeled-data,camera_id-1120923_date-20230922_type-pretest,img03658.png,549.0580545032252,229.84679567667382
labeled-data,camera_id-1120923_date-20230922_type-pretest,img03932.png,535.4022931519793,266.1051965058442
labeled-data,camera_id-1120923_date-20230922_type-pretest,img04168.png,443.10818195045454,332.97133829470397
labeled-data,camera_id-1120923_date-20230922_type-pretest,img04331.png,100.30148320193422,341.9182164213824
labeled-data,camera_id-1120923_date-20230922_type-pretest,img04439.png,78.16973204646655,307.07248055958223
labeled-data,camera_id-1120923_date-20230922_type-pretest,img04505.png,169.52206660307775,229.37590735421708
labeled-data,camera_id-1120923_date-20230922_type-pretest,img04538.png,111.60280294089642,221.84169419490894
labeled-data,camera_id-1120923_date-20230922_type-pretest,img04639.png,383.3053649984462,262.80897824864695
labeled-data,camera_id-1120923_date-20230922_type-pretest,img04868.png,535.4022931519792,305.65981559221194
labeled-data,camera_id-1120923_date-20230922_type-pretest,img04940.png,535.4022931519792,279.29006953463346
labeled-data,camera_id-1120923_date-20230922_type-pretest,img05077.png,523.6300850905602,261.39631328127666
labeled-data,camera_id-1120923_date-20230922_type-pretest,img05478.png,552.8251610828793,253.39121179951178
labeled-data,camera_id-1120923_date-20230922_type-pretest,img05902.png,546.2327245684846,256.68743005670905
labeled-data,camera_id-1120923_date-20230922_type-pretest,img06124.png,558.0049326299036,257.15831837916585
labeled-data,camera_id-1120923_date-20230922_type-pretest,img06297.png,568.3644757239523,283.9989527592011
labeled-data,camera_id-1120923_date-20230922_type-pretest,img06808.png,542.9365063112873,252.92032347705498
labeled-data,camera_id-1120923_date-20230922_type-pretest,img07056.png,552.8251610828793,254.803876766882
labeled-data,camera_id-1120923_date-20230922_type-pretest,img07551.png,557.5340443074468,255.74565341179556
labeled-data,camera_id-1120923_date-20230922_type-pretest,img07682.png,557.5340443074468,255.74565341179556
labeled-data,camera_id-1120923_date-20230922_type-pretest,img08009.png,554.7087143727063,247.74055193003068
labeled-data,camera_id-1120923_date-20230922_type-pretest,img08203.png,554.7087143727063,247.74055193003068
labeled-data,camera_id-1120923_date-20230922_type-pretest,img08553.png,554.7087143727063,247.74055193003068
labeled-data,camera_id-1120923_date-20230922_type-pretest,img08839.png,554.7087143727063,247.74055193003068
labeled-data,camera_id-1120923_date-20230922_type-pretest,img09115.png,554.7087143727063,247.74055193003068
labeled-data,camera_id-1120923_date-20230922_type-pretest,img09136.png,554.7087143727063,247.74055193003068
labeled-data,camera_id-1120923_date-20230922_type-pretest,img09189.png,554.7087143727063,247.74055193003068
labeled-data,camera_id-1120923_date-20230922_type-pretest,img10756.png,555.6504910176197,303.30537397992816
labeled-data,camera_id-1120923_date-20230922_type-pretest,img10829.png,555.6504910176197,302.3635973350147
labeled-data,camera_id-1120923_date-20230922_type-pretest,img11203.png,565.068257466755,299.06737907781735
labeled-data,camera_id-1120923_date-20230922_type-pretest,img11682.png,565.5391457892117,297.65471411044706
labeled-data,camera_id-1120923_date-20230922_type-pretest,img11768.png,565.5391457892117,297.65471411044706
labeled-data,camera_id-1120923_date-20230922_type-pretest,img12742.png,566.0100341116685,298.1256024329038
labeled-data,camera_id-1120923_date-20230922_type-pretest,img13906.png,566.0100341116685,298.1256024329038
labeled-data,camera_id-1120923_date-20230922_type-pretest,img15331.png,538.2276230867197,275.5229629549794
labeled-data,camera_id-1120923_date-20230922_type-pretest,img15386.png,538.6985114091765,271.7558563753253
labeled-data,camera_id-1120923_date-20230922_type-pretest,img15389.png,538.2276230867197,279.29006953463346
labeled-data,camera_id-1120923_date-20230922_type-pretest,img15936.png,460.0601615588978,249.1532168974009
labeled-data,camera_id-1120923_date-20230922_type-pretest,img16296.png,546.7036128909414,276.46473959989294
labeled-data,camera_id-1120923_date-20230922_type-pretest,img16489.png,536.8149581193494,271.7558563753253
labeled-data,camera_id-1120923_date-20230922_type-pretest,img16602.png,572.6024706260631,306.13070391466874
labeled-data,camera_id-1120923_date-20230922_type-pretest,img16891.png,532.5769632172386,229.37590735421708
labeled-data,camera_id-1120923_date-20230922_type-pretest,img17248.png,464.76904478346535,197.82638974961424
labeled-data,camera_id-1120923_date-20230922_type-pretest,img17555.png,413.9131059581355,238.3227854808955
labeled-data,camera_id-1120923_date-20230922_type-pretest,img17605.png,326.79876630363515,251.50765850968475
labeled-data,camera_id-1120923_date-20230922_type-pretest,img17789.png,194.95003601574268,313.1940287515201
labeled-data,camera_id-1120923_date-20230922_type-pretest,img17794.png,200.12980756276704,311.78136378414985
labeled-data,camera_id-1120923_date-20230922_type-pretest,img17956.png,406.37889279882734,332.0295616497904
labeled-data,camera_id-1120923_date-20230922_type-pretest,img18244.png,285.3605939274404,257.15831837916585
labeled-data,camera_id-1120923_date-20230922_type-pretest,img18522.png,560.3593742421874,292.9458308858795
labeled-data,camera_id-1120923_date-20230922_type-pretest,img18858.png,564.5973691442982,292.00405424096596
labeled-data,camera_id-1120923_date-20230922_type-pretest,img18961.png,564.5973691442982,284.4698410816578
labeled-data,camera_id-1120923_date-20230922_type-pretest,img19209.png,551.4124961155089,253.39121179951178
labeled-data,camera_id-1120923_date-20230922_type-pretest,img19351.png,551.4124961155089,249.6241052198577
labeled-data,camera_id-1120923_date-20230922_type-pretest,img19682.png,551.4124961155089,250.5658818647712
labeled-data,camera_id-1120923_date-20230922_type-pretest,img20044.png,552.3542727604224,229.37590735421708
labeled-data,camera_id-1120923_date-20230922_type-pretest,img20456.png,550.4707194705954,229.37590735421708
labeled-data,camera_id-1120923_date-20230922_type-pretest,img20665.png,550.4707194705954,229.37590735421708
labeled-data,camera_id-1120923_date-20230922_type-pretest,img20920.png,564.5973691442982,278.34829288971997
labeled-data,camera_id-1120923_date-20230922_type-pretest,img21240.png,573.5442472709766,320.7282419108282
labeled-data,camera_id-1120923_date-20230922_type-pretest,img21694.png,365.4116087450893,227.9632423868468
labeled-data,camera_id-1120923_date-20230922_type-pretest,img21944.png,68.28107727487463,278.34829288971997
labeled-data,camera_id-1120923_date-20230922_type-pretest,img22361.png,267.9377259965403,313.1940287515201
labeled-data,camera_id-1120923_date-20230922_type-pretest,img22367.png,258.0490712249483,322.1409068781985
labeled-data,camera_id-1120923_date-20230922_type-pretest,img22566.png,105.48125474895858,232.20123728895766
labeled-data,camera_id-1120923_date-20230922_type-pretest,img22609.png,80.05328533629358,209.5985978110332
labeled-data,camera_id-1120923_date-20230922_type-pretest,img22621.png,89.94194010788556,233.14301393387115
labeled-data,camera_id-1120923_date-20230922_type-pretest,img22849.png,190.24115279117513,242.56078038300632
labeled-data,camera_id-1120923_date-20230922_type-pretest,img22965.png,430.8650855665787,316.4902470087174
labeled-data,camera_id-1120923_date-20230922_type-pretest,img23202.png,538.2276230867197,275.5229629549794
labeled-data,camera_id-1120923_date-20230922_type-pretest,img23567.png,558.4758209523603,276.9356279223497
labeled-data,camera_id-1120923_date-20230922_type-pretest,img23659.png,563.6555924993847,238.3227854808955
labeled-data,camera_id-1120923_date-20230922_type-pretest,img23879.png,544.3491712786575,273.1685213426956
labeled-data,camera_id-1120923_date-20230922_type-pretest,img23995.png,551.8833844379657,271.2849680528686
labeled-data,camera_id-1120923_date-20230922_type-pretest,img24117.png,554.7087143727063,271.2849680528686
labeled-data,camera_id-1120923_date-20230922_type-pretest,img24245.png,554.7087143727063,271.2849680528686
labeled-data,camera_id-1120923_date-20230922_type-pretest,img24736.png,560.8302625646442,253.86210012196852
labeled-data,camera_id-1120923_date-20230922_type-pretest,img25075.png,558.0049326299036,256.2165417342523
labeled-data,camera_id-1120923_date-20230922_type-pretest,img25753.png,554.7087143727063,268.9305264405848
labeled-data,camera_id-1120923_date-20230922_type-pretest,img26389.png,555.6504910176197,265.16341986093073
labeled-data,camera_id-1120923_date-20230922_type-pretest,img26516.png,555.6504910176197,265.16341986093073
labeled-data,camera_id-1120923_date-20230922_type-pretest,img26699.png,556.5922676625333,252.92032347705498
labeled-data,camera_id-1120923_date-20230922_type-pretest,img27394.png,554.7087143727063,274.11029798760916
labeled-data,camera_id-1120923_date-20230922_type-pretest,img27452.png,553.296049405336,269.8723030854983
labeled-data,camera_id-1120923_date-20230922_type-pretest,img27610.png,552.8251610828793,258.10009502407934
labeled-data,camera_id-1120923_date-20230922_type-pretest,img27775.png,552.3542727604224,256.2165417342523
labeled-data,camera_id-1120923_date-20230922_type-pretest,img28208.png,552.3542727604224,256.2165417342523
labeled-data,camera_id-1120923_date-20230922_type-pretest,img28469.png,552.3542727604224,256.2165417342523
labeled-data,camera_id-1120923_date-20230922_type-pretest,img28737.png,552.3542727604224,256.2165417342523
labeled-data,camera_id-1120923_date-20230922_type-pretest,img29002.png,552.3542727604224,256.2165417342523
labeled-data,camera_id-1120923_date-20230922_type-pretest,img29092.png,552.3542727604224,256.2165417342523
labeled-data,camera_id-1120923_date-20230922_type-pretest,img29310.png,552.3542727604224,256.2165417342523
labeled-data,camera_id-1120923_date-20230922_type-pretest,img30144.png,552.3542727604224,256.2165417342523
labeled-data,camera_id-1120923_date-20230922_type-pretest,img30472.png,552.3542727604224,256.2165417342523
labeled-data,camera_id-1120923_date-20230922_type-pretest,img30919.png,552.3542727604224,256.2165417342523
labeled-data,camera_id-1120923_date-20230922_type-pretest,img30922.png,552.3542727604224,256.2165417342523
labeled-data,camera_id-1120923_date-20230922_type-pretest,img30962.png,560.3593742421874,251.9785468321415
labeled-data,camera_id-1120923_date-20230922_type-pretest,img31402.png,555.179602695163,253.86210012196852
labeled-data,camera_id-1120923_date-20230922_type-pretest,img32442.png,556.1213793400766,252.44943515459823
labeled-data,camera_id-1120923_date-20230922_type-pretest,img32911.png,554.7087143727063,252.44943515459823
labeled-data,camera_id-1120923_date-20230922_type-pretest,img33237.png,552.3542727604224,275.05207463252265
labeled-data,camera_id-1120923_date-20230922_type-pretest,img33664.png,537.756734764263,272.2267446977821
labeled-data,camera_id-1120923_date-20230922_type-pretest,img33688.png,537.756734764263,272.2267446977821
labeled-data,camera_id-1120923_date-20230922_type-pretest,img33914.png,561.3011508871009,331.5586733273337
labeled-data,camera_id-1120923_date-20230922_type-pretest,img33930.png,565.5391457892117,320.7282419108282
labeled-data,camera_id-1120923_date-20230922_type-pretest,img33998.png,575.8986888832604,280.70273450200375
labeled-data,camera_id-1120923_date-20230922_type-pretest,img34064.png,538.2276230867197,228.90501903176033
labeled-data,camera_id-1120923_date-20230922_type-pretest,img34523.png,420.97643079498687,239.264562125809
labeled-data,camera_id-1120923_date-20230922_type-pretest,img34735.png,540.5820646990035,275.9938512774362
labeled-data,camera_id-1120923_date-20230922_type-pretest,img34779.png,540.1111763765467,251.03677018722794
labeled-data,camera_id-1120923_date-20230922_type-pretest,img34967.png,546.2327245684846,252.44943515459823
labeled-data,camera_id-1120923_date-20230922_type-pretest,img35213.png,556.5922676625333,309.426922171866
labeled-data,camera_id-1120923_date-20230922_type-pretest,img35259.png,560.3593742421874,305.65981559221194
labeled-data,camera_id-1120923_date-20230922_type-pretest,img35610.png,577.7822421730874,299.06737907781735
labeled-data,camera_id-1120923_date-20230922_type-pretest,img35657.png,572.1315823036064,300.9509323676444
labeled-data,camera_id-1120923_date-20230922_type-pretest,img36085.png,559.8884859197307,281.1736228244605
labeled-data,camera_id-1120923_date-20230922_type-pretest,img36170.png,530.2225216049549,230.78857232158737
labeled-data,camera_id-1120923_date-20230922_type-pretest,img36257.png,544.8200596011144,229.37590735421708
labeled-data,camera_id-1120923_date-20230922_type-pretest,img36279.png,546.2327245684846,233.6139022563279
labeled-data,camera_id-1120923_date-20230922_type-pretest,img36920.png,546.7036128909414,227.9632423868468
labeled-data,camera_id-1120923_date-20230922_type-pretest,img37347.png,547.1745012133981,230.31768399913062
labeled-data,camera_id-1120923_date-20230922_type-pretest,img37428.png,548.1162778583117,230.31768399913062
labeled-data,camera_id-1120923_date-20230922_type-pretest,img38879.png,548.1162778583117,230.31768399913062
labeled-data,camera_id-1120923_date-20230922_type-pretest,img38966.png,548.1162778583117,230.31768399913062
labeled-data,camera_id-1120923_date-20230922_type-pretest,img39539.png,548.1162778583117,230.31768399913062
labeled-data,camera_id-1120923_date-20230922_type-pretest,img40137.png,552.3542727604225,214.77836935805755
labeled-data,camera_id-1120923_date-20230922_type-pretest,img40358.png,551.8833844379657,216.19103432542784
labeled-data,camera_id-1120923_date-20230922_type-pretest,img40724.png,554.2378260502495,217.13281097034135
labeled-data,camera_id-1120923_date-20230922_type-pretest,img40738.png,554.2378260502495,217.13281097034135
labeled-data,camera_id-1120923_date-20230922_type-pretest,img41474.png,554.2378260502495,217.13281097034135
labeled-data,camera_id-1120923_date-20230922_type-pretest,img41510.png,554.2378260502495,217.13281097034135
labeled-data,camera_id-1120923_date-20230922_type-pretest,img41805.png,554.2378260502495,217.13281097034135
labeled-data,camera_id-1120923_date-20230922_type-pretest,img42271.png,563.184704176928,220.89991754999542
labeled-data,camera_id-1120923_date-20230922_type-pretest,img42435.png,560.3593742421874,217.60369929279813
labeled-data,camera_id-1120923_date-20230922_type-pretest,img42971.png,498.2021156778952,253.39121179951178
labeled-data,camera_id-1120923_date-20230922_type-pretest,img43196.png,568.3644757239523,292.9458308858795
labeled-data,camera_id-1120923_date-20230922_type-pretest,img43244.png,558.0049326299036,294.3584958532498
labeled-data,camera_id-1120923_date-20230922_type-pretest,img43798.png,362.58627881034874,335.3257799069878
labeled-data,camera_id-1120923_date-20230922_type-pretest,img44090.png,473.71592291014383,317.43202365363095
labeled-data,camera_id-1120923_date-20230922_type-pretest,img44122.png,455.822166656787,327.79156674767967
labeled-data,camera_id-1120923_date-20230922_type-pretest,img44180.png,458.64749659152756,322.6117952006553
labeled-data,camera_id-1120923_date-20230922_type-pretest,img44184.png,456.7639433017006,305.659815592212
labeled-data,camera_id-1120923_date-20230922_type-pretest,img44523.png,433.6904155013194,228.4341307093036
labeled-data,camera_id-1120923_date-20230922_type-pretest,img44620.png,545.2909479235711,291.06227759605247
labeled-data,camera_id-1120923_date-20230922_type-pretest,img44774.png,540.5820646990036,271.7558563753254
labeled-data,camera_id-1120923_date-20230922_type-pretest,img44977.png,546.7036128909415,285.8825060490281
labeled-data,camera_id-1120923_date-20230922_type-pretest,img45149.png,560.8302625646442,237.38100883598202
labeled-data,camera_id-1120923_date-20230922_type-pretest,img45770.png,558.9467092748172,231.2594606440441
labeled-data,camera_id-1120923_date-20230922_type-pretest,img46655.png,553.296049405336,223.25435916227923
labeled-data,camera_id-1120923_date-20230922_type-pretest,img47388.png,556.5922676625333,218.07458761525487
labeled-data,camera_id-1120923_date-20230922_type-pretest,img47740.png,561.301150887101,213.83659271314406
labeled-data,camera_id-1120923_date-20230922_type-pretest,img47865.png,558.0049326299037,218.07458761525487
labeled-data,camera_id-1120923_date-20230922_type-pretest,img48590.png,558.0049326299037,218.07458761525487
labeled-data,camera_id-1120923_date-20230922_type-pretest,img48862.png,558.0049326299037,218.07458761525487
labeled-data,camera_id-1120923_date-20230922_type-pretest,img49224.png,547.645389535855,229.84679567667382
labeled-data,camera_id-1120923_date-20230922_type-pretest,img49377.png,559.8884859197307,239.73545044826577
labeled-data,camera_id-1120923_date-20230922_type-pretest,img49520.png,331.03676120574596,223.25435916227923
labeled-data,camera_id-1120923_date-20230922_type-pretest,img49554.png,239.68442664913482,220.42902922753868
labeled-data,camera_id-1120923_date-20230922_type-pretest,img49873.png,558.9467092748173,317.4320236536309
labeled-data,camera_id-1120923_date-20230922_type-pretest,img49923.png,559.8884859197308,321.67001855574176
labeled-data,camera_id-1120923_date-20230922_type-pretest,img50124.png,570.2480290137795,324.4953484904823
labeled-data,camera_id-1120923_date-20230922_type-pretest,img50155.png,578.2531304955444,322.1409068781985
labeled-data,camera_id-1120923_date-20230922_type-pretest,img50286.png,574.9569122383471,322.1409068781985
labeled-data,camera_id-1120923_date-20230922_type-pretest,img50909.png,566.9518107565822,328.26245507013635
labeled-data,camera_id-1120923_date-20230922_type-pretest,img50920.png,563.1847041769281,333.91311493961746
labeled-data,camera_id-1120923_date-20230922_type-pretest,img50967.png,561.7720392095578,333.4422266171607
labeled-data,camera_id-1120923_date-20230922_type-pretest,img51068.png,561.7720392095578,333.4422266171607
labeled-data,camera_id-1120923_date-20230922_type-pretest,img51187.png,561.7720392095578,333.4422266171607
labeled-data,camera_id-1120923_date-20230922_type-pretest,img51527.png,572.6024706260631,325.43712513539583
labeled-data,camera_id-1120923_date-20230922_type-pretest,img51687.png,578.2531304955443,322.1409068781985
labeled-data,camera_id-1120923_date-20230922_type-pretest,img51720.png,566.9518107565821,324.9662368129391
labeled-data,camera_id-1120923_date-20230922_type-pretest,img52690.png,556.1213793400766,249.6241052198577
labeled-data,camera_id-1120923_date-20230922_type-pretest,img52856.png,557.534044307447,246.79877528511713
labeled-data,camera_id-1120923_date-20230922_type-pretest,img53076.png,553.2960494053361,241.14811541563603
labeled-data,camera_id-1120923_date-20230922_type-pretest,img53527.png,555.1796026951632,241.61900373809283
labeled-data,camera_id-1120923_date-20230922_type-pretest,img54294.png,545.761836246028,230.31768399913062
labeled-data,camera_id-1120923_date-20230922_type-pretest,img55519.png,549.0580545032253,229.84679567667388
labeled-data,camera_id-1120923_date-20230922_type-pretest,img55661.png,549.0580545032253,229.84679567667388
labeled-data,camera_id-1120923_date-20230922_type-pretest,img55964.png,469.0070396855764,316.4902470087174
labeled-data,camera_id-1120923_date-20230922_type-pretest,img56085.png,461.47282652626825,291.06227759605247
labeled-data,camera_id-1120923_date-20230922_type-pretest,img56221.png,449.7006184648492,322.6117952006553
labeled-data,camera_id-1120923_date-20230922_type-pretest,img56286.png,380.00914674124897,279.76095785709026
labeled-data,camera_id-1120923_date-20230922_type-pretest,img56614.png,557.534044307447,217.60369929279813
labeled-data,camera_id-1120923_date-20230922_type-pretest,img56776.png,555.1796026951632,215.7201460029711
labeled-data,camera_id-1120923_date-20230922_type-pretest,img57296.png,555.1796026951632,215.7201460029711
labeled-data,camera_id-1120923_date-20230922_type-pretest,img57373.png,554.7087143727064,216.6619226478846
labeled-data,camera_id-1120923_date-20230922_type-pretest,img57556.png,554.7087143727064,216.6619226478846
labeled-data,camera_id-1120923_date-20230922_type-pretest,img57699.png,548.5871661807686,228.90501903176033
labeled-data,camera_id-1121002_date-20230930_type-pretest,img00031.png,525.0427500579307,255.74565341179556
labeled-data,camera_id-1121002_date-20230930_type-pretest,img00069.png,520.8047551558197,240.67722709317928
labeled-data,camera_id-1121002_date-20230930_type-pretest,img00116.png,520.8047551558197,240.67722709317928
labeled-data,camera_id-1121002_date-20230930_type-pretest,img00299.png,524.1009734130171,247.74055193003068
labeled-data,camera_id-1121002_date-20230930_type-pretest,img00335.png,521.7465318007334,251.03677018722794
labeled-data,camera_id-1121002_date-20230930_type-pretest,img00471.png,524.1009734130171,251.9785468321415
labeled-data,camera_id-1121002_date-20230930_type-pretest,img00619.png,524.1009734130171,251.9785468321415
labeled-data,camera_id-1121002_date-20230930_type-pretest,img00726.png,526.9263033477577,256.68743005670905
labeled-data,camera_id-1121002_date-20230930_type-pretest,img00756.png,521.2756434782765,259.5127599914496
labeled-data,camera_id-1121002_date-20230930_type-pretest,img00791.png,521.2756434782765,259.5127599914496
labeled-data,camera_id-1121002_date-20230930_type-pretest,img00864.png,517.5085368986224,276.9356279223497
labeled-data,camera_id-1121002_date-20230930_type-pretest,img00920.png,550.9416077930524,282.5862877918308
labeled-data,camera_id-1121002_date-20230930_type-pretest,img00941.png,550.9416077930524,282.5862877918308
labeled-data,camera_id-1121002_date-20230930_type-pretest,img01092.png,550.9416077930524,282.5862877918308
labeled-data,camera_id-1121002_date-20230930_type-pretest,img01425.png,475.5994761999709,280.231846179547
labeled-data,camera_id-1121002_date-20230930_type-pretest,img01700.png,559.417597597274,245.85699864020364
labeled-data,camera_id-1121002_date-20230930_type-pretest,img01937.png,528.8098566375847,298.1256024329038
labeled-data,camera_id-1121002_date-20230930_type-pretest,img02093.png,546.7036128909415,306.6015922371255
labeled-data,camera_id-1121002_date-20230930_type-pretest,img02648.png,540.5820646990037,302.3635973350147
labeled-data,camera_id-1121002_date-20230930_type-pretest,img02836.png,540.5820646990037,302.3635973350147
labeled-data,camera_id-1121002_date-20230930_type-pretest,img03609.png,465.71082142837906,325.9080134578526
labeled-data,camera_id-1121002_date-20230930_type-pretest,img03716.png,452.9968367220465,315.0775820413471
labeled-data,camera_id-1121002_date-20230930_type-pretest,img03717.png,456.29305497924383,321.199130233285
labeled-data,camera_id-1121002_date-20230930_type-pretest,img04408.png,523.6300850905603,259.5127599914496
labeled-data,camera_id-1121002_date-20230930_type-pretest,img04445.png,524.1009734130171,259.9836483139064
labeled-data,camera_id-1121002_date-20230930_type-pretest,img04538.png,541.9947296663739,258.5709833465361
labeled-data,camera_id-1121002_date-20230930_type-pretest,img05124.png,544.3491712786578,254.33298844442527
labeled-data,camera_id-1121002_date-20230930_type-pretest,img05253.png,544.3491712786578,254.33298844442527
labeled-data,camera_id-1121002_date-20230930_type-pretest,img05551.png,544.3491712786578,254.33298844442527
labeled-data,camera_id-1121002_date-20230930_type-pretest,img05582.png,544.3491712786578,254.33298844442527
labeled-data,camera_id-1121002_date-20230930_type-pretest,img05649.png,544.3491712786578,254.33298844442527
labeled-data,camera_id-1121002_date-20230930_type-pretest,img06494.png,443.5790702729114,232.20123728895763
labeled-data,camera_id-1121002_date-20230930_type-pretest,img06880.png,547.1745012133983,309.426922171866
labeled-data,camera_id-1121002_date-20230930_type-pretest,img06939.png,552.8251610828794,326.3789017803093
labeled-data,camera_id-1121002_date-20230930_type-pretest,img07259.png,226.97044194280238,224.19613580719272
labeled-data,camera_id-1121002_date-20230930_type-pretest,img07311.png,206.72224407716175,222.31258251736568
labeled-data,camera_id-1121002_date-20230930_type-pretest,img07373.png,101.71414816930456,240.67722709317928
labeled-data,camera_id-1121002_date-20230930_type-pretest,img07422.png,49.445544376604346,308.0142572044957
labeled-data,camera_id-1121002_date-20230930_type-pretest,img07501.png,283.4770406376134,328.73334339259316
labeled-data,camera_id-1121002_date-20230930_type-pretest,img07608.png,522.2174201231901,255.2747650893388
labeled-data,camera_id-1121002_date-20230930_type-pretest,img07653.png,522.2174201231901,277.8774045672632
labeled-data,camera_id-1121002_date-20230930_type-pretest,img07892.png,80.99506198120719,263.2798665711037
labeled-data,camera_id-1121002_date-20230930_type-pretest,img08046.png,60.74686411556655,291.06227759605247
labeled-data,camera_id-1121002_date-20230930_type-pretest,img08282.png,541.9947296663739,258.57098334653614
labeled-data,camera_id-1121002_date-20230930_type-pretest,img08284.png,542.9365063112874,256.2165417342523
labeled-data,camera_id-1121002_date-20230930_type-pretest,img08400.png,542.9365063112874,256.2165417342523
labeled-data,camera_id-1121002_date-20230930_type-pretest,img08568.png,529.2807449600414,258.10009502407934
labeled-data,camera_id-1121002_date-20230930_type-pretest,img09268.png,273.1174975435647,223.72524748473597
labeled-data,camera_id-1121002_date-20230930_type-pretest,img09361.png,347.9887408141893,212.42392774577377
labeled-data,camera_id-1121002_date-20230930_type-pretest,img09375.png,388.01424822301374,213.36570439068726
labeled-data,camera_id-1121002_date-20230930_type-pretest,img09394.png,428.0397556318384,214.30748103560077
labeled-data,camera_id-1121002_date-20230930_type-pretest,img09569.png,328.68231959346224,329.2042317150499
labeled-data,camera_id-1121002_date-20230930_type-pretest,img09657.png,372.0040452594841,330.14600835996345
labeled-data,camera_id-1121002_date-20230930_type-pretest,img09731.png,443.10818195045465,307.54336888203903
labeled-data,camera_id-1121002_date-20230930_type-pretest,img09805.png,448.28795349747895,272.2267446977821
labeled-data,camera_id-1121002_date-20230930_type-pretest,img09843.png,444.5208469178249,276.93562792234974
labeled-data,camera_id-1121002_date-20230930_type-pretest,img10075.png,537.7567347642631,246.79877528511716
labeled-data,camera_id-1121002_date-20230930_type-pretest,img10209.png,537.7567347642631,246.79877528511716
labeled-data,camera_id-1121002_date-20230930_type-pretest,img10244.png,539.6402880540902,247.2696636075739
labeled-data,camera_id-1121002_date-20230930_type-pretest,img10381.png,297.13280198885946,262.80897824864695
labeled-data,camera_id-1121002_date-20230930_type-pretest,img10597.png,89.00016346297207,336.2675565519013
labeled-data,camera_id-1121002_date-20230930_type-pretest,img10614.png,121.4914577124884,339.5637748090986
labeled-data,camera_id-1121002_date-20230930_type-pretest,img10951.png,383.3053649984462,239.26456212580905
labeled-data,camera_id-1121002_date-20230930_type-pretest,img11011.png,312.67211662993236,221.3708058724522
labeled-data,camera_id-1121002_date-20230930_type-pretest,img11141.png,187.88671117889135,225.13791245210626
labeled-data,camera_id-1121002_date-20230930_type-pretest,img11375.png,144.09409719041275,217.60369929279813
labeled-data,camera_id-1121002_date-20230930_type-pretest,img11382.png,153.04097531709118,217.60369929279813
labeled-data,camera_id-1121002_date-20230930_type-pretest,img11982.png,544.8200596011143,251.9785468321415
labeled-data,camera_id-1121002_date-20230930_type-pretest,img12741.png,544.8200596011143,251.9785468321415
labeled-data,camera_id-1121002_date-20230930_type-pretest,img12997.png,544.8200596011143,251.9785468321415
labeled-data,camera_id-1121002_date-20230930_type-pretest,img13628.png,531.1642982498684,275.52296295497945
labeled-data,camera_id-1121002_date-20230930_type-pretest,img13734.png,558.9467092748171,310.83958713923636
labeled-data,camera_id-1121002_date-20230930_type-pretest,img13869.png,517.9794252210792,285.8825060490281
labeled-data,camera_id-1121002_date-20230930_type-pretest,img13941.png,523.6300850905602,287.2951710163984
labeled-data,camera_id-1121002_date-20230930_type-pretest,img13990.png,479.3665827796249,285.41161772657136
labeled-data,camera_id-1121002_date-20230930_type-pretest,img14042.png,525.984526702844,253.39121179951178
labeled-data,camera_id-1121002_date-20230930_type-pretest,img14124.png,528.8098566375845,251.50765850968475
labeled-data,camera_id-1121002_date-20230930_type-pretest,img14408.png,545.7618362460279,251.036770187228
labeled-data,camera_id-1121002_date-20230930_type-pretest,img14527.png,549.9998311481387,252.92032347705504
labeled-data,camera_id-1121002_date-20230930_type-pretest,img14595.png,549.9998311481387,252.92032347705504
labeled-data,camera_id-1121002_date-20230930_type-pretest,img14713.png,467.1234863957492,270.3431914079551
labeled-data,camera_id-1121002_date-20230930_type-pretest,img14781.png,434.6321921462328,233.14301393387115
labeled-data,camera_id-1121002_date-20230930_type-pretest,img14784.png,434.6321921462328,233.14301393387115
labeled-data,camera_id-1121002_date-20230930_type-pretest,img15156.png,538.2276230867197,234.0847905787847
labeled-data,camera_id-1121002_date-20230930_type-pretest,img15362.png,538.2276230867197,234.0847905787847
labeled-data,camera_id-1121002_date-20230930_type-pretest,img15455.png,541.9947296663738,247.74055193003068
labeled-data,camera_id-1121002_date-20230930_type-pretest,img15472.png,544.3491712786575,245.3861103177469
labeled-data,camera_id-1121002_date-20230930_type-pretest,img15601.png,544.3491712786575,245.3861103177469
labeled-data,camera_id-1121002_date-20230930_type-pretest,img15984.png,544.3491712786575,245.3861103177469
labeled-data,camera_id-1121002_date-20230930_type-pretest,img16116.png,544.3491712786575,245.3861103177469
labeled-data,camera_id-1121002_date-20230930_type-pretest,img16354.png,544.3491712786575,245.3861103177469
labeled-data,camera_id-1121002_date-20230930_type-pretest,img16379.png,539.64028805409,235.02656722369818
labeled-data,camera_id-1121002_date-20230930_type-pretest,img16613.png,540.5820646990036,241.14811541563608
labeled-data,camera_id-1121002_date-20230930_type-pretest,img17507.png,549.9998311481387,307.0724805595823
labeled-data,camera_id-1121002_date-20230930_type-pretest,img17920.png,549.9998311481387,307.0724805595823
labeled-data,camera_id-1121002_date-20230930_type-pretest,img18063.png,551.4124961155089,306.6015922371255
labeled-data,camera_id-1121002_date-20230930_type-pretest,img18886.png,551.4124961155089,306.6015922371255
labeled-data,camera_id-1121002_date-20230930_type-pretest,img19182.png,551.4124961155089,306.6015922371255
labeled-data,camera_id-1121002_date-20230930_type-pretest,img19375.png,558.4758209523603,303.77626230238496
labeled-data,camera_id-1121002_date-20230930_type-pretest,img19555.png,537.756734764263,340.03466313155536
labeled-data,camera_id-1121002_date-20230930_type-pretest,img19747.png,537.756734764263,340.03466313155536
labeled-data,camera_id-1121002_date-20230930_type-pretest,img19820.png,537.756734764263,340.03466313155536
labeled-data,camera_id-1121002_date-20230930_type-pretest,img19866.png,527.868079992671,318.3738002985445
labeled-data,camera_id-1121002_date-20230930_type-pretest,img20683.png,552.3542727604225,253.86210012196852
labeled-data,camera_id-1121002_date-20230930_type-pretest,img20932.png,554.7087143727063,308.0142572044958
labeled-data,camera_id-1121002_date-20230930_type-pretest,img21207.png,554.7087143727063,308.0142572044958
labeled-data,camera_id-1121002_date-20230930_type-pretest,img21212.png,554.7087143727063,308.0142572044958
labeled-data,camera_id-1121002_date-20230930_type-pretest,img21316.png,567.4226990790388,311.78136378414985
labeled-data,camera_id-1121002_date-20230930_type-pretest,img21662.png,567.4226990790388,312.2522521066066
labeled-data,camera_id-1121002_date-20230930_type-pretest,img21701.png,561.7720392095576,307.0724805595823
labeled-data,camera_id-1121002_date-20230930_type-pretest,img22297.png,561.7720392095576,307.0724805595823
labeled-data,camera_id-1121002_date-20230930_type-pretest,img22457.png,561.7720392095576,307.0724805595823
labeled-data,camera_id-1121002_date-20230930_type-pretest,img22487.png,561.7720392095576,307.0724805595823
labeled-data,camera_id-1121002_date-20230930_type-pretest,img22811.png,561.7720392095576,307.0724805595823
labeled-data,camera_id-1121002_date-20230930_type-pretest,img23084.png,561.7720392095576,307.0724805595823
labeled-data,camera_id-1121002_date-20230930_type-pretest,img23627.png,561.7720392095576,307.0724805595823
labeled-data,camera_id-1121002_date-20230930_type-pretest,img23678.png,561.7720392095576,307.0724805595823
labeled-data,camera_id-1121002_date-20230930_type-pretest,img24233.png,564.5973691442982,308.0142572044958
labeled-data,camera_id-1121002_date-20230930_type-pretest,img24507.png,556.1213793400765,343.80176971120943
labeled-data,camera_id-1121002_date-20230930_type-pretest,img24631.png,566.4809224341252,308.0142572044958
labeled-data,camera_id-1121002_date-20230930_type-pretest,img24649.png,558.4758209523603,305.659815592212
labeled-data,camera_id-1121002_date-20230930_type-pretest,img24829.png,434.6321921462328,264.692531538474
labeled-data,camera_id-1121002_date-20230930_type-pretest,img24943.png,241.09709161650505,230.31768399913062
labeled-data,camera_id-1121002_date-20230930_type-pretest,img25195.png,552.3542727604225,257.15831837916585
labeled-data,camera_id-1121002_date-20230930_type-pretest,img25299.png,551.8833844379657,257.6292067016226
labeled-data,camera_id-1121002_date-20230930_type-pretest,img25644.png,556.1213793400766,259.98364831390643
labeled-data,camera_id-1121002_date-20230930_type-pretest,img25776.png,565.068257466755,312.7231404290634
labeled-data,camera_id-1121002_date-20230930_type-pretest,img25829.png,535.8731814744359,345.2144346785797
labeled-data,camera_id-1121002_date-20230930_type-pretest,img25880.png,541.5238413439171,334.854891584531
labeled-data,camera_id-1121002_date-20230930_type-pretest,img25989.png,556.1213793400766,305.18892726975525
labeled-data,camera_id-1121002_date-20230930_type-pretest,img25995.png,548.1162778583117,294.82938417570654
labeled-data,camera_id-1121002_date-20230930_type-pretest,img27109.png,547.6453895358549,247.74055193003068
labeled-data,camera_id-1121002_date-20230930_type-pretest,img27878.png,553.296049405336,277.4065162448065
labeled-data,camera_id-1121002_date-20230930_type-pretest,img28094.png,563.6555924993847,339.0928864866419
labeled-data,camera_id-1121002_date-20230930_type-pretest,img28205.png,563.184704176928,340.03466313155536
labeled-data,camera_id-1121002_date-20230930_type-pretest,img28812.png,563.6555924993847,340.03466313155536
labeled-data,camera_id-1121002_date-20230930_type-pretest,img28857.png,557.0631559849901,341.9182164213824
labeled-data,camera_id-1121002_date-20230930_type-pretest,img28891.png,557.0631559849901,341.9182164213824
labeled-data,camera_id-1121002_date-20230930_type-pretest,img29512.png,557.0631559849901,341.9182164213824
labeled-data,camera_id-1121002_date-20230930_type-pretest,img29580.png,557.0631559849901,341.9182164213824
labeled-data,camera_id-1121002_date-20230930_type-pretest,img30746.png,557.0631559849901,341.9182164213824
labeled-data,camera_id-1121002_date-20230930_type-pretest,img30820.png,557.0631559849901,341.9182164213824
labeled-data,camera_id-1121002_date-20230930_type-pretest,img31372.png,557.0631559849901,341.9182164213824
labeled-data,camera_id-1121002_date-20230930_type-pretest,img32449.png,557.0631559849901,341.9182164213824
labeled-data,camera_id-1121002_date-20230930_type-pretest,img32524.png,557.0631559849901,341.9182164213824
labeled-data,camera_id-1121002_date-20230930_type-pretest,img32976.png,557.0631559849901,341.9182164213824
labeled-data,camera_id-1121002_date-20230930_type-pretest,img33861.png,557.0631559849901,341.9182164213824
labeled-data,camera_id-1121002_date-20230930_type-pretest,img34600.png,571.6606939811496,340.9764397764689
labeled-data,camera_id-1121002_date-20230930_type-pretest,img35191.png,565.5391457892117,341.9182164213824
labeled-data,camera_id-1121002_date-20230930_type-pretest,img35776.png,565.5391457892117,341.9182164213824
labeled-data,camera_id-1121002_date-20230930_type-pretest,img37341.png,565.5391457892117,341.9182164213824
labeled-data,camera_id-1121002_date-20230930_type-pretest,img37574.png,565.5391457892117,341.9182164213824
labeled-data,camera_id-1121002_date-20230930_type-pretest,img39066.png,565.5391457892117,341.9182164213824
labeled-data,camera_id-1121002_date-20230930_type-pretest,img39133.png,565.5391457892117,341.9182164213824
labeled-data,camera_id-1121002_date-20230930_type-pretest,img40116.png,565.5391457892117,341.9182164213824
labeled-data,camera_id-1121002_date-20230930_type-pretest,img40316.png,554.2378260502496,340.5055514540121
labeled-data,camera_id-1121002_date-20230930_type-pretest,img40510.png,514.6832069638818,301.4218206901012
labeled-data,camera_id-1121002_date-20230930_type-pretest,img40671.png,556.1213793400766,246.32788696266041
labeled-data,camera_id-1121002_date-20230930_type-pretest,img41122.png,567.8935874014956,342.85999306629594
labeled-data,camera_id-1121002_date-20230930_type-pretest,img41223.png,567.8935874014956,342.85999306629594
labeled-data,camera_id-1121002_date-20230930_type-pretest,img41456.png,567.4226990790388,342.85999306629594
labeled-data,camera_id-1121002_date-20230930_type-pretest,img41565.png,567.4226990790388,342.85999306629594
labeled-data,camera_id-1121002_date-20230930_type-pretest,img41658.png,558.0049326299037,338.1511098417284
labeled-data,camera_id-1121002_date-20230930_type-pretest,img42042.png,558.0049326299037,337.6802215192715
labeled-data,camera_id-1121002_date-20230930_type-pretest,img42579.png,557.534044307447,331.55867332733374
labeled-data,camera_id-1121002_date-20230930_type-pretest,img42673.png,562.7138158544712,333.91311493961746
labeled-data,camera_id-1121002_date-20230930_type-pretest,img42724.png,562.7138158544712,333.91311493961746
labeled-data,camera_id-1121002_date-20230930_type-pretest,img44562.png,562.7138158544712,333.91311493961746
labeled-data,camera_id-1121002_date-20230930_type-pretest,img44977.png,562.7138158544712,333.91311493961746
labeled-data,camera_id-1121002_date-20230930_type-pretest,img45068.png,562.7138158544712,333.91311493961746
labeled-data,camera_id-1121002_date-20230930_type-pretest,img45072.png,562.7138158544712,333.91311493961746
labeled-data,camera_id-1121002_date-20230930_type-pretest,img45244.png,562.7138158544712,333.91311493961746
labeled-data,camera_id-1121002_date-20230930_type-pretest,img45279.png,562.7138158544712,333.91311493961746
labeled-data,camera_id-1121002_date-20230930_type-pretest,img53048.png,539.1693997316333,340.97643977646885
labeled-data,camera_id-1121002_date-20230930_type-pretest,img53179.png,557.0631559849901,307.07248055958223
labeled-data,camera_id-1121002_date-20230930_type-pretest,img53260.png,539.6402880540901,282.58628779183084
labeled-data,camera_id-1121002_date-20230930_type-pretest,img53578.png,429.92330892166535,315.0775820413471
labeled-data,camera_id-1121002_date-20230930_type-pretest,img53607.png,395.5484613823219,337.2093331968148
labeled-data,camera_id-1121002_date-20230930_type-pretest,img53708.png,438.8701870483437,292.00405424096596
labeled-data,camera_id-1121002_date-20230930_type-pretest,img53812.png,549.9998311481388,257.6292067016226
labeled-data,camera_id-1121002_date-20230930_type-pretest,img53991.png,561.7720392095578,303.7762623023849
labeled-data,camera_id-1121002_date-20230930_type-pretest,img54108.png,563.6555924993847,328.73334339259316
labeled-data,camera_id-1121002_date-20230930_type-pretest,img54864.png,568.3644757239523,324.49534849048234
labeled-data,camera_id-1121002_date-20230930_type-pretest,img54955.png,568.3644757239523,324.49534849048234
labeled-data,camera_id-1121002_date-20230930_type-pretest,img55301.png,288.6568121846377,231.25946064404414
labeled-data,camera_id-1121002_date-20230930_type-pretest,img56009.png,568.3644757239523,343.3308813887527
labeled-data,camera_id-1121002_date-20230930_type-pretest,img56434.png,569.7771406913225,337.6802215192716
labeled-data,camera_id-1121002_date-20230930_type-pretest,img56700.png,564.5973691442982,338.6219981641851
labeled-data,camera_id-1121002_date-20231001_type-lse,img00105.png,70.16463056470167,262.33808992619015
labeled-data,camera_id-1121002_date-20231001_type-lse,img00439.png,291.953030441835,234.55567890124144
labeled-data,camera_id-1121002_date-20231001_type-lse,img00515.png,264.641507739343,239.73545044826574
labeled-data,camera_id-1121002_date-20231001_type-lse,img00588.png,285.8314822498972,341.44732809892565
labeled-data,camera_id-1121002_date-20231001_type-lse,img00705.png,303.2543501807972,303.30537397992816
labeled-data,camera_id-1121002_date-20231001_type-lse,img00819.png,300.89990856851347,304.71803894729845
labeled-data,camera_id-1121002_date-20231001_type-lse,img00846.png,305.60879179308097,310.8395871392363
labeled-data,camera_id-1121002_date-20231001_type-lse,img01176.png,293.836583731662,323.08268352311205
labeled-data,camera_id-1121002_date-20231001_type-lse,img01467.png,229.32488355508616,335.3257799069878
labeled-data,camera_id-1121002_date-20231001_type-lse,img01687.png,83.82039191594771,334.854891584531
labeled-data,camera_id-1121002_date-20231001_type-lse,img01722.png,143.62320886795607,346.15621132349327
labeled-data,camera_id-1121002_date-20231001_type-lse,img01810.png,153.51186363954798,337.6802215192716
labeled-data,camera_id-1121002_date-20231001_type-lse,img01993.png,63.572194050307075,342.85999306629594
labeled-data,camera_id-1121002_date-20231001_type-lse,img02077.png,48.5037677316908,332.5004499722472
labeled-data,camera_id-1121002_date-20231001_type-lse,img02110.png,61.68864076048004,348.51065293577705
labeled-data,camera_id-1121002_date-20231001_type-lse,img02393.png,60.27597579310975,209.5985978110332
labeled-data,camera_id-1121002_date-20231001_type-lse,img02454.png,57.92153418082597,223.72524748473597
labeled-data,camera_id-1121002_date-20231001_type-lse,img02546.png,206.25135575470495,226.55057741947655
labeled-data,camera_id-1121002_date-20231001_type-lse,img02600.png,291.4821421193782,224.66702412964952
labeled-data,camera_id-1121002_date-20231001_type-lse,img02866.png,203.8969141424211,216.66192264788458
labeled-data,camera_id-1121002_date-20231001_type-lse,img03162.png,307.0214567604512,273.6394096651524
labeled-data,camera_id-1121002_date-20231001_type-lse,img03252.png,273.1174975435647,234.55567890124144
labeled-data,camera_id-1121002_date-20231001_type-lse,img03412.png,314.0847815973026,324.49534849048234
labeled-data,camera_id-1121002_date-20231001_type-lse,img03501.png,306.0796801155377,315.5484703638039
labeled-data,camera_id-1121002_date-20231001_type-lse,img03626.png,299.48724360114306,302.3635973350147
labeled-data,camera_id-1121002_date-20231001_type-lse,img03806.png,223.2033353631482,292.9458308858795
labeled-data,camera_id-1121002_date-20231001_type-lse,img03824.png,139.856102288302,302.3635973350147
labeled-data,camera_id-1121002_date-20231001_type-lse,img03865.png,80.52417365875039,308.0142572044958
labeled-data,camera_id-1121002_date-20231001_type-lse,img03906.png,82.40772694857742,301.4218206901012
labeled-data,camera_id-1121002_date-20231001_type-lse,img04269.png,243.45153322878895,352.74864783788786
labeled-data,camera_id-1121002_date-20231001_type-lse,img04813.png,136.55988403110467,301.4218206901012
labeled-data,camera_id-1121002_date-20231001_type-lse,img04850.png,132.7927774514506,231.2594606440441
labeled-data,camera_id-1121002_date-20231001_type-lse,img04866.png,126.67122925951276,230.78857232158734
labeled-data,camera_id-1121002_date-20231001_type-lse,img04941.png,84.29128023840445,226.07968909701975
labeled-data,camera_id-1121002_date-20231001_type-lse,img05043.png,77.22795540155306,235.49745554615495
labeled-data,camera_id-1121002_date-20231001_type-lse,img05700.png,235.446431747024,218.54547593771161
labeled-data,camera_id-1121002_date-20231001_type-lse,img05864.png,272.6466092211079,330.6168966824202
labeled-data,camera_id-1121002_date-20231001_type-lse,img05935.png,307.02145676045126,336.73844487435804
labeled-data,camera_id-1121002_date-20231001_type-lse,img06015.png,299.9581319236,318.3738002985445
labeled-data,camera_id-1121002_date-20231001_type-lse,img06211.png,275.00105083339173,311.78136378414985
labeled-data,camera_id-1121002_date-20231001_type-lse,img06421.png,275.00105083339173,311.78136378414985
labeled-data,camera_id-1121002_date-20231001_type-lse,img06432.png,288.1859238621809,304.2471506248417
labeled-data,camera_id-1121002_date-20231001_type-lse,img06485.png,297.60369031131614,300.48004404518764
labeled-data,camera_id-1121002_date-20231001_type-lse,img06616.png,283.47704063761336,293.41671920833625
labeled-data,camera_id-1121002_date-20231001_type-lse,img06696.png,268.8795026414538,308.9560338494093
labeled-data,camera_id-1121002_date-20231001_type-lse,img06829.png,261.3452894821457,309.8978104943228
labeled-data,camera_id-1121002_date-20231001_type-lse,img06882.png,261.3452894821457,309.8978104943228
labeled-data,camera_id-1121002_date-20231001_type-lse,img06955.png,261.3452894821457,309.8978104943228
labeled-data,camera_id-1121002_date-20231001_type-lse,img07032.png,210.48935065681576,314.6066937188904
labeled-data,camera_id-1121002_date-20231001_type-lse,img07140.png,80.99506198120713,263.2798665711037
labeled-data,camera_id-1121002_date-20231001_type-lse,img07536.png,78.1697320464666,284.9407294041146
labeled-data,camera_id-1121002_date-20231001_type-lse,img07945.png,122.90412267985869,196.88461310470075
labeled-data,camera_id-1121002_date-20231001_type-lse,img07987.png,122.43323435740194,235.49745554615498
labeled-data,camera_id-1121002_date-20231001_type-lse,img08021.png,169.051178280621,243.50255702791986
labeled-data,camera_id-1121002_date-20231001_type-lse,img09016.png,270.2921676088242,303.3053739799282
labeled-data,camera_id-1121002_date-20231001_type-lse,img09380.png,104.06858978158834,319.315576943458
labeled-data,camera_id-1121002_date-20231001_type-lse,img09576.png,87.11661017314503,328.73334339259316
labeled-data,camera_id-1121002_date-20231001_type-lse,img09791.png,301.3707968909702,195.9428364597872
labeled-data,camera_id-1121002_date-20231001_type-lse,img10051.png,291.48214211937824,341.44732809892565
labeled-data,camera_id-1121002_date-20231001_type-lse,img10273.png,67.81018895241789,227.49235406439004
labeled-data,camera_id-1121002_date-20231001_type-lse,img10380.png,78.1697320464666,244.44433367283335
labeled-data,camera_id-1121002_date-20231001_type-lse,img10424.png,79.5823970138369,245.3861103177469
labeled-data,camera_id-1121002_date-20231001_type-lse,img10601.png,81.46595030366393,259.98364831390643
labeled-data,camera_id-1121002_date-20231001_type-lse,img10611.png,87.58749849560178,254.80387676688207
labeled-data,camera_id-1121002_date-20231001_type-lse,img10753.png,288.1859238621809,344.743546356123
labeled-data,camera_id-1121002_date-20231001_type-lse,img10792.png,292.42391876429184,343.80176971120943
labeled-data,camera_id-1121002_date-20231001_type-lse,img10966.png,313.6138932748459,228.43413070930356
labeled-data,camera_id-1121002_date-20231001_type-lse,img11095.png,174.7018381501021,250.09499354231443
labeled-data,camera_id-1121002_date-20231001_type-lse,img11337.png,119.13701610020462,326.3789017803094
labeled-data,camera_id-1121002_date-20231001_type-lse,img11819.png,189.77026446871838,223.2543591622792
labeled-data,camera_id-1121002_date-20231001_type-lse,img11879.png,80.99506198120713,226.07968909701975
labeled-data,camera_id-1121002_date-20231001_type-lse,img12256.png,290.069477152008,347.5688762908635
labeled-data,camera_id-1121002_date-20231001_type-lse,img12389.png,299.95813192359986,338.6219981641851
labeled-data,camera_id-1121002_date-20231001_type-lse,img12681.png,311.25945166256207,308.4851455269525
labeled-data,camera_id-1121002_date-20231001_type-lse,img12898.png,313.6138932748459,317.9029119760877
labeled-data,camera_id-1121002_date-20231001_type-lse,img13065.png,296.1910253439458,322.6117952006553
labeled-data,camera_id-1121002_date-20231001_type-lse,img13242.png,226.49955362034558,256.21654173425236
labeled-data,camera_id-1121002_date-20231001_type-lse,img13399.png,132.7927774514506,269.87230308549834
labeled-data,camera_id-1121002_date-20231001_type-lse,img13500.png,154.92452860691827,340.03466313155536
labeled-data,camera_id-1121002_date-20231001_type-lse,img14288.png,250.51485806564028,298.12560243290386
labeled-data,camera_id-1121002_date-20231001_type-lse,img14375.png,252.39841135546732,301.89270901255793
labeled-data,camera_id-1121002_date-20231001_type-lse,img14826.png,226.02866529788884,310.83958713923636
labeled-data,camera_id-1121002_date-20231001_type-lse,img15025.png,106.89391971632892,224.19613580719275
labeled-data,camera_id-1121002_date-20231001_type-lse,img15462.png,96.06348829982346,321.67001855574176
labeled-data,camera_id-1121002_date-20231001_type-lse,img15472.png,95.12171165490992,313.6649170739768
labeled-data,camera_id-1121002_date-20231001_type-lse,img15488.png,95.12171165490992,314.60669371889037
labeled-data,camera_id-1121002_date-20231001_type-lse,img15782.png,171.87650821536158,271.2849680528686
labeled-data,camera_id-1121002_date-20231001_type-lse,img16044.png,313.1430049523892,225.13791245210626
labeled-data,camera_id-1121002_date-20231001_type-lse,img16150.png,279.70993405795934,259.0418716689928
labeled-data,camera_id-1121002_date-20231001_type-lse,img16331.png,311.2594516625621,334.3840032620742
labeled-data,camera_id-1121002_date-20231001_type-lse,img16409.png,302.31257353588376,320.7282419108282
labeled-data,camera_id-1121002_date-20231001_type-lse,img16439.png,303.25435018079725,325.43712513539583
labeled-data,camera_id-1121002_date-20231001_type-lse,img16715.png,269.35039096391057,260.9254249588199
labeled-data,camera_id-1121002_date-20231001_type-lse,img16895.png,257.5781829024916,323.082683523112
labeled-data,camera_id-1121002_date-20231001_type-lse,img16994.png,297.60369031131614,329.67512003750664
labeled-data,camera_id-1121002_date-20231001_type-lse,img17246.png,235.446431747024,318.8446886210012
labeled-data,camera_id-1121002_date-20231001_type-lse,img17357.png,229.7957718775429,329.67512003750664
labeled-data,camera_id-1121002_date-20231001_type-lse,img18452.png,226.02866529788884,210.54037445594673
labeled-data,camera_id-1121002_date-20231001_type-lse,img18769.png,91.82549339771259,229.37590735421708
labeled-data,camera_id-1121002_date-20231001_type-lse,img19218.png,303.2543501807972,323.55357184556885
labeled-data,camera_id-1121002_date-20231001_type-lse,img19599.png,296.66191366640265,313.6649170739769
labeled-data,camera_id-1121002_date-20231001_type-lse,img20292.png,281.5934873477864,323.082683523112
labeled-data,camera_id-1121002_date-20231001_type-lse,img20458.png,263.6997310944296,317.43202365363095
labeled-data,camera_id-1121002_date-20231001_type-lse,img20740.png,276.413715800762,316.49024700871746
labeled-data,camera_id-1121002_date-20231001_type-lse,img21335.png,216.14001052629692,337.6802215192716
labeled-data,camera_id-1121002_date-20231001_type-lse,img21701.png,258.9908478698619,330.6168966824202
labeled-data,camera_id-1121002_date-20231001_type-lse,img22107.png,304.6670151481676,325.43712513539583
labeled-data,camera_id-1121002_date-20231001_type-lse,img22196.png,304.6670151481676,325.43712513539583
labeled-data,camera_id-1121002_date-20231001_type-lse,img22268.png,294.3074720541189,317.9029119760877
labeled-data,camera_id-1121002_date-20231001_type-lse,img22518.png,260.40351283723226,279.76095785709026
labeled-data,camera_id-1121002_date-20231001_type-lse,img22652.png,293.3656954092054,318.84468862100124
labeled-data,camera_id-1121002_date-20231001_type-lse,img22729.png,285.83148224989725,302.3635973350147
labeled-data,camera_id-1121002_date-20231001_type-lse,img22906.png,75.81529043418283,224.6670241296495
labeled-data,camera_id-1121002_date-20231001_type-lse,img22980.png,70.16463056470172,257.15831837916585
labeled-data,camera_id-1121002_date-20231001_type-lse,img23452.png,141.73965557812903,287.2951710163984
labeled-data,camera_id-1121002_date-20231001_type-lse,img23595.png,199.65891924031035,219.48725258262513
labeled-data,camera_id-1121002_date-20231001_type-lse,img23686.png,284.88970560498365,208.65682116611967
labeled-data,camera_id-1121002_date-20231001_type-lse,img23757.png,240.62620329404837,228.43413070930356
labeled-data,camera_id-1121002_date-20231001_type-lse,img24030.png,78.1697320464666,334.38400326207426
labeled-data,camera_id-1121002_date-20231001_type-lse,img24060.png,138.91432564338845,338.1511098417283
labeled-data,camera_id-1121002_date-20231001_type-lse,img24176.png,211.90201562418605,335.3257799069878
labeled-data,camera_id-1121002_date-20231001_type-lse,img24514.png,282.5352639926999,336.73844487435804
labeled-data,camera_id-1121002_date-20231001_type-lse,img25020.png,165.75496002342373,340.03466313155536
labeled-data,camera_id-1121002_date-20231001_type-lse,img25248.png,47.56199108677731,328.73334339259316
labeled-data,camera_id-1121002_date-20231001_type-lse,img25313.png,42.8531078622097,321.199130233285
labeled-data,camera_id-1121002_date-20231001_type-lse,img25735.png,98.88881823456398,216.66192264788458
labeled-data,camera_id-1121002_date-20231001_type-lse,img25776.png,61.68864076048004,184.17062839836822
labeled-data,camera_id-1121002_date-20231001_type-lse,img25829.png,84.29128023840445,226.55057741947653
labeled-data,camera_id-1121002_date-20231001_type-lse,img26305.png,280.6517107028728,222.78347083982248
labeled-data,camera_id-1121002_date-20231001_type-lse,img26516.png,301.84168521342696,317.9029119760877
labeled-data,camera_id-1121002_date-20231001_type-lse,img26889.png,297.1328019888594,313.6649170739769
labeled-data,camera_id-1121002_date-20231001_type-lse,img26968.png,289.59858882955126,310.83958713923636
labeled-data,camera_id-1121002_date-20231001_type-lse,img27326.png,300.4290202460567,312.7231404290634
labeled-data,camera_id-1121002_date-20231001_type-lse,img27335.png,304.66701514816754,313.6649170739769
labeled-data,camera_id-1121002_date-20231001_type-lse,img27940.png,305.1379034706243,322.6117952006553
labeled-data,camera_id-1121002_date-20231001_type-lse,img28226.png,291.0112537969216,307.54336888203903
labeled-data,camera_id-1121002_date-20231001_type-lse,img28980.png,275.4719391558485,323.08268352311205
labeled-data,camera_id-1121002_date-20231001_type-lse,img29153.png,303.2543501807973,331.55867332733374
labeled-data,camera_id-1121002_date-20231001_type-lse,img29579.png,275.00105083339173,246.79877528511716
labeled-data,camera_id-1121002_date-20231001_type-lse,img29616.png,299.0163552786865,294.82938417570654
labeled-data,camera_id-1121002_date-20231001_type-lse,img29868.png,299.9581319236,258.5709833465361
labeled-data,camera_id-1121002_date-20231001_type-lse,img30039.png,220.37800542840773,235.49745554615492
labeled-data,camera_id-1121002_date-20231001_type-lse,img30085.png,210.96023897927256,247.26966360757388
labeled-data,camera_id-1121002_date-20231001_type-lse,img30124.png,150.68653370480746,332.5004499722472
labeled-data,camera_id-1121002_date-20231001_type-lse,img30399.png,36.73155967027185,328.73334339259316
labeled-data,camera_id-1121002_date-20231001_type-lse,img30511.png,90.8837167527991,232.20123728895763
labeled-data,camera_id-1121002_date-20231001_type-lse,img30643.png,300.8999085685135,222.78347083982246
labeled-data,camera_id-1121002_date-20231001_type-lse,img30705.png,299.9581319235999,192.17572988013313
labeled-data,camera_id-1121002_date-20231001_type-lse,img30772.png,301.8416852134269,221.84169419490894
labeled-data,camera_id-1121002_date-20231001_type-lse,img31163.png,288.6568121846377,286.35339437148485
labeled-data,camera_id-1121002_date-20231001_type-lse,img31182.png,217.55267549366718,289.6496126286822
labeled-data,camera_id-1121002_date-20231001_type-lse,img31272.png,65.92663566259088,293.41671920833625
labeled-data,camera_id-1121002_date-20231001_type-lse,img31387.png,54.15442760117193,307.54336888203903
labeled-data,camera_id-1121002_date-20231001_type-lse,img31415.png,52.74176263380164,303.30537397992816
labeled-data,camera_id-1121002_date-20231001_type-lse,img31629.png,64.9848590176774,304.2471506248417
labeled-data,camera_id-1121002_date-20231001_type-lse,img31996.png,169.52206660307783,291.5331659185092
labeled-data,camera_id-1121002_date-20231001_type-lse,img32130.png,76.75706707909634,217.6036992927981
labeled-data,camera_id-1121002_date-20231001_type-lse,img32301.png,58.392422503282745,231.73034896650088
labeled-data,camera_id-1121002_date-20231001_type-lse,img32522.png,268.8795026414539,224.19613580719275
labeled-data,camera_id-1121002_date-20231001_type-lse,img32881.png,206.25135575470497,340.03466313155536
labeled-data,camera_id-1121002_date-20231001_type-lse,img33055.png,229.79577187754293,222.3125825173657
labeled-data,camera_id-1121002_date-20231001_type-lse,img33514.png,62.63041740539356,187.46684665556555
labeled-data,camera_id-1121002_date-20231001_type-lse,img33570.png,94.1799350099964,220.89991754999542
labeled-data,camera_id-1121002_date-20231001_type-lse,img33728.png,89.00016346297204,222.3125825173657
labeled-data,camera_id-1121002_date-20231001_type-lse,img33929.png,202.01336085259416,348.03976461332024
labeled-data,camera_id-1121002_date-20231001_type-lse,img34029.png,56.50886921345571,346.62709964595
labeled-data,camera_id-1121002_date-20231001_type-lse,img34132.png,76.75706707909634,341.44732809892565
labeled-data,camera_id-1121002_date-20231001_type-lse,img34156.png,100.77237152439105,326.3789017803094
labeled-data,camera_id-1121002_date-20231001_type-lse,img34803.png,159.1625235090291,324.49534849048234
labeled-data,camera_id-1121002_date-20231001_type-lse,img35413.png,69.69374224224495,308.0142572044958
labeled-data,camera_id-1121002_date-20231001_type-lse,img35538.png,73.93173714435576,313.6649170739769
labeled-data,camera_id-1121002_date-20231001_type-lse,img35826.png,62.159529082936814,324.9662368129391
labeled-data,camera_id-1121002_date-20231001_type-lse,img35927.png,60.746864115566524,321.67001855574176
labeled-data,camera_id-1121002_date-20231001_type-lse,img36143.png,298.07457863377294,224.19613580719275
labeled-data,camera_id-1121002_date-20231001_type-lse,img36203.png,268.40861431899714,199.23905471698453
labeled-data,camera_id-1121002_date-20231001_type-lse,img36454.png,274.0592741884783,350.3942062256041
labeled-data,camera_id-1121002_date-20231001_type-lse,img36695.png,248.63130477581328,331.5586733273337
labeled-data,camera_id-1121002_date-20231001_type-lse,img37001.png,287.2441472172675,332.5004499722472
labeled-data,camera_id-1121002_date-20231001_type-lse,img37715.png,304.6670151481676,302.8344856574714
labeled-data,camera_id-1121002_date-20231001_type-lse,img38011.png,278.76815741304586,317.43202365363095
labeled-data,camera_id-1121002_date-20231001_type-lse,img38276.png,54.625315923628676,231.2594606440441
labeled-data,camera_id-1121002_date-20231001_type-lse,img38564.png,66.39752398504763,199.70994303944127
labeled-data,camera_id-1121002_date-20231001_type-lse,img38764.png,200.60069588522387,186.05418168819529
labeled-data,camera_id-1121002_date-20231001_type-lse,img38909.png,229.3248835550862,236.91012051352521
labeled-data,camera_id-1121002_date-20231001_type-lse,img39069.png,241.09709161650514,195.47194813733046
labeled-data,camera_id-1121002_date-20231001_type-lse,img39097.png,234.5046551021105,223.25435916227923
labeled-data,camera_id-1121002_date-20231001_type-lse,img39269.png,171.40561989290487,217.60369929279813
labeled-data,camera_id-1121002_date-20231001_type-lse,img39532.png,239.68442664913485,193.58839484750342
labeled-data,camera_id-1121002_date-20231001_type-lse,img39877.png,304.6670151481676,208.18593284366295
labeled-data,camera_id-1121002_date-20231001_type-lse,img40005.png,318.7936648218704,325.9080134578526
labeled-data,camera_id-1121002_date-20231001_type-lse,img40121.png,222.2615587182348,318.8446886210012
labeled-data,camera_id-1121002_date-20231001_type-lse,img40144.png,143.1523205454993,290.5913892735957
labeled-data,camera_id-1121002_date-20231001_type-lse,img40466.png,56.50886921345574,323.55357184556885
labeled-data,camera_id-1121002_date-20231001_type-lse,img40517.png,54.62531592362865,273.63940966515236
labeled-data,camera_id-1121002_date-20231001_type-lse,img40806.png,74.40262546681254,237.381008835982
labeled-data,camera_id-1121002_date-20231001_type-lse,img41047.png,40.96955457238266,281.6445111469173
labeled-data,camera_id-1121002_date-20231001_type-lse,img41275.png,66.8684123075044,280.7027345020038
labeled-data,camera_id-1121002_date-20231001_type-lse,img41423.png,299.4872436011431,308.0142572044958
labeled-data,camera_id-1121002_date-20231001_type-lse,img41652.png,314.08478159730265,332.0295616497905
labeled-data,camera_id-1121002_date-20231001_type-lse,img42110.png,283.0061523151566,308.9560338494093
